{
  "project_info": {
    "project_number": "888041397324",
    "project_id": "textrecognition-27ac6",
    "storage_bucket": "textrecognition-27ac6.appspot.com"
  },
  "client": [
    {
      "client_info": {
        "mobilesdk_app_id": "1:888041397324:android:f99927c16a465741bea8e9",
        "android_client_info": {
          "package_name": "com.srmuniversity.textrecognitionapp"
        }
      },
      "oauth_client": [
        {
          "client_id": "888041397324-7h96leus53j5r0on6v7k8e092ejhu7au.apps.googleusercontent.com",
          "client_type": 3
        }
      ],
      "api_key": [
        {
          "current_key": "AIzaSyCx_0Y0ifbqv274e2AKn4ILhwWp0oz1X30"
        }
      ],
      "services": {
        "appinvite_service": {
          "other_platform_oauth_client": [
            {
              "client_id": "888041397324-7h96leus53j5r0on6v7k8e092ejhu7au.apps.googleusercontent.com",
              "client_type": 3
            }
          ]
        }
      }
    }
  ],
  "configuration_version": "1"
}